firstDigit,percentage
1,31.46206045650833
2,13.818630475015423
3,12.70820481184454
4,11.042566317088218
5,9.006785934608267
6,6.785934608266501
7,5.67550894509562
8,4.256631708821715
9,5.1819864281307835
